{
  "images" : [
    {
      "size" : "29x29",
      "idiom" : "iphone",
      "filename" : "SettingsIcon-1.png",
      "scale" : "1x"
    },
    {
      "size" : "29x29",
      "idiom" : "iphone",
      "filename" : "SettingsIcon@2x.png",
      "scale" : "2x"
    },
    {
      "size" : "57x57",
      "idiom" : "iphone",
      "filename" : "OldIcon.png",
      "scale" : "1x"
    },
    {
      "size" : "57x57",
      "idiom" : "iphone",
      "filename" : "OldIcon@2x.png",
      "scale" : "2x"
    },
    {
      "size" : "60x60",
      "idiom" : "iphone",
      "filename" : "NewIcon@2x.png",
      "scale" : "2x"
    }
  ],
  "info" : {
    "version" : 1,
    "author" : "xcode"
  }
}